"title","id","url","author","author_flair_css_class","link_flair_css_class","over_18"
"0000","6re9dz","https://www.reddit.com/r/SVExchange/comments/6re9dz/0000/","Jamie-McL","eggcup toughribbon","sv6","False"
"0013","74v7wq","https://www.reddit.com/r/SVExchange/comments/74v7wq/0013/","Kasumi_kimura","eevee cuteribbon","sv6","False"
"0031","6xmzg6","https://www.reddit.com/r/SVExchange/comments/6xmzg6/0031/","Cute1234562002","togepi beautyribbon","sv6","False"
"0033","7e0x2w","https://www.reddit.com/r/SVExchange/comments/7e0x2w/0033/","Drakon97","egg","sv6","False"
"0041","6s3q0r","https://www.reddit.com/r/SVExchange/comments/6s3q0r/0041/","patchespatch04","eggcup toughribbon","sv6","False"
"0054","6qmc6c","https://www.reddit.com/r/SVExchange/comments/6qmc6c/0054/","Haruiteul","default","sv6","False"
"0072","79a0fq","https://www.reddit.com/r/SVExchange/comments/79a0fq/0072/","dewfeathers","pichu","sv6","False"
"0075","711xst","https://www.reddit.com/r/SVExchange/comments/711xst/0075/","patchespatch04","eggcup toughribbon","sv6","False"
"0085","6ox7u7","https://www.reddit.com/r/SVExchange/comments/6ox7u7/0085/","oodachi","","sv6","False"
"0095","6wdg5i","https://www.reddit.com/r/SVExchange/comments/6wdg5i/0095/","Drakon97","egg","sv6","False"
"0099","6oysjw","https://www.reddit.com/r/SVExchange/comments/6oysjw/0099/","Sheldrob","shieldon","sv6","False"
"0121","6qnvfh","https://www.reddit.com/r/SVExchange/comments/6qnvfh/0121/","lumbolt","torchic toughribbon","sv6","False"
"0131","727ph3","https://www.reddit.com/r/SVExchange/comments/727ph3/0131/","snuffles24","lucky","sv6","False"
"0148","74d7o7","https://www.reddit.com/r/SVExchange/comments/74d7o7/0148/","Knightinkodes","","sv6","False"
"0164","713gdy","https://www.reddit.com/r/SVExchange/comments/713gdy/0164/","floralis","eevee","sv6","False"
"0170","70dxj4","https://www.reddit.com/r/SVExchange/comments/70dxj4/0170/","tomato-head","pichu cuteribbon","sv6","False"
"0188","7c5hn7","https://www.reddit.com/r/SVExchange/comments/7c5hn7/0188/","AdelaideAdelaide","pichu cuteribbon","sv6","False"
"0204","6z6r9d","https://www.reddit.com/r/SVExchange/comments/6z6r9d/0204/","patchespatch04","eggcup toughribbon","sv6","False"
"0228","7cexnt","https://www.reddit.com/r/SVExchange/comments/7cexnt/0228/","-Kuroh-","manaphy beautyribbon","sv6","False"
"0237","7gbomo","https://www.reddit.com/r/SVExchange/comments/7gbomo/0237/","junior8686","default","sv6","False"
"0248","7l5c42","https://www.reddit.com/r/SVExchange/comments/7l5c42/0248/","canvasrosier","eggcup toughribbon","sv6","False"
"0257","7afnd3","https://www.reddit.com/r/SVExchange/comments/7afnd3/0257/","asukawashere","egg","sv6","False"
"0279","6ouslp","https://www.reddit.com/r/SVExchange/comments/6ouslp/0279/","Bouncer2085","eggcup smartribbon","sv6","False"
"0282","7179gi","https://www.reddit.com/r/SVExchange/comments/7179gi/0282/","patchespatch04","eggcup toughribbon","sv6","False"
"0284","6vi9e5","https://www.reddit.com/r/SVExchange/comments/6vi9e5/0284/","perverockstar","","sv6","False"
"0289","6nez1s","https://www.reddit.com/r/SVExchange/comments/6nez1s/0289/","MudsyKipsy","torchic","sv6","False"
"0290","6r5e3j","https://www.reddit.com/r/SVExchange/comments/6r5e3j/0290/","Azure4405","eevee cuteribbon","sv6","False"
"0303","6m2aez","https://www.reddit.com/r/SVExchange/comments/6m2aez/0303/","bussytwink","torchic","sv6","False"
"0312","6m0mz7","https://www.reddit.com/r/SVExchange/comments/6m0mz7/0312/","extrafree","torchic cuteribbon","sv6","False"
"0327","6st9x6","https://www.reddit.com/r/SVExchange/comments/6st9x6/0327/","MEGASHOE","","sv6","False"
"0340","6o3qwl","https://www.reddit.com/r/SVExchange/comments/6o3qwl/0340/","gcritic","","sv6","False"
"0345","6zfc02","https://www.reddit.com/r/SVExchange/comments/6zfc02/0345/","patchespatch04","eggcup toughribbon","sv6","False"
"0361","7jwrr8","https://www.reddit.com/r/SVExchange/comments/7jwrr8/0361/","LoChefTony","lucky","sv6","False"
"0361","6lpspo","https://www.reddit.com/r/SVExchange/comments/6lpspo/0361/","FFKitties","torchic","sv6","False"
"0363","6ye1s3","https://www.reddit.com/r/SVExchange/comments/6ye1s3/0363/","DDR_17","eggcup","sv6","False"
"0369","7504tm","https://www.reddit.com/r/SVExchange/comments/7504tm/0369/","patchespatch04","eggcup toughribbon","sv6","False"
"0372","6uhs0c","https://www.reddit.com/r/SVExchange/comments/6uhs0c/0372/","henrxv","manaphy cuteribbon","sv6","False"
"0390","7h75u7","https://www.reddit.com/r/SVExchange/comments/7h75u7/0390/","shinyleaks","pichu","sv6","False"
"0401","79mmkt","https://www.reddit.com/r/SVExchange/comments/79mmkt/0401/","favocr","default","sv6","False"
"0410","6zc2fw","https://www.reddit.com/r/SVExchange/comments/6zc2fw/0410/","Dragon_sissiy","eggcup","sv6","False"
"0412","75j476","https://www.reddit.com/r/SVExchange/comments/75j476/0412/","BlackoutSLM","","sv6","False"
"0415","7eumq5","https://www.reddit.com/r/SVExchange/comments/7eumq5/0415/","MalikTH","eevee smartribbon","sv6","False"
"0416","76hpal","https://www.reddit.com/r/SVExchange/comments/76hpal/0416/","patchespatch04","eggcup toughribbon","sv6","False"
"0421","6ric6n","https://www.reddit.com/r/SVExchange/comments/6ric6n/0421/","pokeflan","eevee","sv6","False"
"0438","6op3im","https://www.reddit.com/r/SVExchange/comments/6op3im/0438/","smitty2512","torchic","sv6","False"
"0441","6oo358","https://www.reddit.com/r/SVExchange/comments/6oo358/0441/","Harshul1","eevee","sv6","False"
"0444","6mozk5","https://www.reddit.com/r/SVExchange/comments/6mozk5/0444/","A-IOSTREAM","manaphy cuteribbon","sv6","False"
"0458","6sjnjq","https://www.reddit.com/r/SVExchange/comments/6sjnjq/0458/","patchespatch04","eggcup toughribbon","sv6","False"
"0480","6nphrs","https://www.reddit.com/r/SVExchange/comments/6nphrs/0480/","GalaxyCrisis","eggcup","sv6","False"
"0488","6tdwut","https://www.reddit.com/r/SVExchange/comments/6tdwut/0488/","keskisormi","eggcup cuteribbon","sv6","False"
"0493","6o9qst","https://www.reddit.com/r/SVExchange/comments/6o9qst/0493/","FraudulentDimetrodon","eggcup coolribbon","sv6","False"
"0498","776a9z","https://www.reddit.com/r/SVExchange/comments/776a9z/0498/","Onizuak31","eggcup toughribbon","sv6","False"
"0518","70m399","https://www.reddit.com/r/SVExchange/comments/70m399/0518/","Williamplacroix","","sv6","False"
"0524","74tn0g","https://www.reddit.com/r/SVExchange/comments/74tn0g/0524/","chrismofowong","eevee","sv6","False"
"0539","6vtiln","https://www.reddit.com/r/SVExchange/comments/6vtiln/0539/","Meloettamaestro","eggcup","sv6","False"
"0542","76rraw","https://www.reddit.com/r/SVExchange/comments/76rraw/0542/","Matrix91dr","egg","sv6","False"
"0547","7jgn31","https://www.reddit.com/r/SVExchange/comments/7jgn31/0547/","xXDiamondSoulXx","","sv6","False"
"0561","6muahl","https://www.reddit.com/r/SVExchange/comments/6muahl/0561/","Teganrose1","manaphy","sv6","False"
"0593","7l5dm0","https://www.reddit.com/r/SVExchange/comments/7l5dm0/0593/","canvasrosier","eggcup toughribbon","sv6","False"
"0613","6rldmp","https://www.reddit.com/r/SVExchange/comments/6rldmp/0613/","HyperKitte","","sv6","False"
"0624","6saxsl","https://www.reddit.com/r/SVExchange/comments/6saxsl/0624/","Erika021","","sv6","False"
"0635","6y1z3r","https://www.reddit.com/r/SVExchange/comments/6y1z3r/0635/","Vexed192","torchic","sv6","False"
"0640","7m012j","https://www.reddit.com/r/SVExchange/comments/7m012j/0640/","lazytv8","pichu coolribbon","sv6","False"
"0646","7fs4tn","https://www.reddit.com/r/SVExchange/comments/7fs4tn/0646/","Firebolt98","","sv6","False"
"0648","7imw2j","https://www.reddit.com/r/SVExchange/comments/7imw2j/0648/","Quazord","togepi cuteribbon","sv6","False"
"0648","6mzsvb","https://www.reddit.com/r/SVExchange/comments/6mzsvb/0648/","underpantscannon","eggcup","sv6","False"
"0654","6vsep6","https://www.reddit.com/r/SVExchange/comments/6vsep6/0654/","zetraex","eggcup","sv6","False"
"0670","6zfc76","https://www.reddit.com/r/SVExchange/comments/6zfc76/0670/","patchespatch04","eggcup toughribbon","sv6","False"
"0686","6uakdd","https://www.reddit.com/r/SVExchange/comments/6uakdd/0686/","RedditBlakDragon","eggcup","sv6","False"
"0710","6o4hse","https://www.reddit.com/r/SVExchange/comments/6o4hse/0710/","Dinkelboob","eevee","sv6","False"
"0712","6oyrqe","https://www.reddit.com/r/SVExchange/comments/6oyrqe/0712/","Sheldrob","shieldon","sv6","False"
"0716","6whvij","https://www.reddit.com/r/SVExchange/comments/6whvij/0716/","Lynx908","eevee","sv6","False"
"0743","6o96n2","https://www.reddit.com/r/SVExchange/comments/6o96n2/0743/","Kwik-E-Mark","","sv6","False"
"0751","76s0z1","https://www.reddit.com/r/SVExchange/comments/76s0z1/0751/","Bukkithead","manaphy","sv6","False"
"0752","73nfqt","https://www.reddit.com/r/SVExchange/comments/73nfqt/0752/","spacez52","torchic coolribbon","sv6","False"
"0753","75cf28","https://www.reddit.com/r/SVExchange/comments/75cf28/0753/","TheGoldenCheetah","lucky","sv6","False"
"0753","6qiks0","https://www.reddit.com/r/SVExchange/comments/6qiks0/0753/","grumpy-fox","egg","sv6","False"
"0754","6ye369","https://www.reddit.com/r/SVExchange/comments/6ye369/0754/","DDR_17","eggcup","sv6","False"
"0772","7j6iu4","https://www.reddit.com/r/SVExchange/comments/7j6iu4/0772/","Leo626","togepi","sv6","False"
"0772","6vtgwf","https://www.reddit.com/r/SVExchange/comments/6vtgwf/0772/","Leo626","togepi","sv6","False"
"0775","6zlyvj","https://www.reddit.com/r/SVExchange/comments/6zlyvj/0775/","sally-ds","eggcup toughribbon","sv6","False"
"0778","6vt25l","https://www.reddit.com/r/SVExchange/comments/6vt25l/0778/","Meloettamaestro","eggcup","sv6","False"
"0780","6ssuvc","https://www.reddit.com/r/SVExchange/comments/6ssuvc/0780/","tworjey","","sv6","False"
"0797","7j37m4","https://www.reddit.com/r/SVExchange/comments/7j37m4/0797/","coolswampert","pichu","sv6","False"
"0805","76aqeh","https://www.reddit.com/r/SVExchange/comments/76aqeh/0805/","robdy","jangmo-o-shiny","sv6","False"
"0814","6u2oy7","https://www.reddit.com/r/SVExchange/comments/6u2oy7/0814/","Ingi_","eevee","sv6","False"
"0840","6n9eji","https://www.reddit.com/r/SVExchange/comments/6n9eji/0840/","Haunani14","togepi","sv6","False"
"0843","6yy21f","https://www.reddit.com/r/SVExchange/comments/6yy21f/0843/","CopperTalon","manaphy","sv6","False"
"0875","6o9tpc","https://www.reddit.com/r/SVExchange/comments/6o9tpc/0875/","FraudulentDimetrodon","eggcup coolribbon","sv6","False"
"0881","7l5cwq","https://www.reddit.com/r/SVExchange/comments/7l5cwq/0881/","canvasrosier","eggcup toughribbon","sv6","False"
"0886","76fo84","https://www.reddit.com/r/SVExchange/comments/76fo84/0886/","OwnYourLife02","","sv6","False"
"0888","713dqy","https://www.reddit.com/r/SVExchange/comments/713dqy/0888/","floralis","eevee","sv6","False"
"0899","70fbz3","https://www.reddit.com/r/SVExchange/comments/70fbz3/0899/","Williamplacroix","","sv6","False"
"0912","6xyk2r","https://www.reddit.com/r/SVExchange/comments/6xyk2r/0912/","patchespatch04","eggcup toughribbon","sv6","False"
"0916","6xyk5l","https://www.reddit.com/r/SVExchange/comments/6xyk5l/0916/","patchespatch04","eggcup toughribbon","sv6","False"
"0930","6nf75g","https://www.reddit.com/r/SVExchange/comments/6nf75g/0930/","yujinori","togepi","sv6","False"
"0939","6wz9sp","https://www.reddit.com/r/SVExchange/comments/6wz9sp/0939/","Lugia61617","eevee coolribbon","sv6","False"
"0948","7955pw","https://www.reddit.com/r/SVExchange/comments/7955pw/0948/","Rainewood","lucky","sv6","False"
"0966","6u2l7r","https://www.reddit.com/r/SVExchange/comments/6u2l7r/0966/","Ingi_","eevee","sv6","False"
"0973","6s2zdv","https://www.reddit.com/r/SVExchange/comments/6s2zdv/0973/","kewligirl95","eggcup","sv6","False"
"0980","6o28rf","https://www.reddit.com/r/SVExchange/comments/6o28rf/0980/","MonkeyD-Victor","torchic cuteribbon","sv6","False"
"0984","6xyk9n","https://www.reddit.com/r/SVExchange/comments/6xyk9n/0984/","patchespatch04","eggcup toughribbon","sv6","False"
"0991","74v80a","https://www.reddit.com/r/SVExchange/comments/74v80a/0991/","Kasumi_kimura","eevee cuteribbon","sv6","False"
"1004","76rnyr","https://www.reddit.com/r/SVExchange/comments/76rnyr/1004/","Matrix91dr","egg","sv6","False"
"1005","74tqwk","https://www.reddit.com/r/SVExchange/comments/74tqwk/1005/","FMsavior","","sv6","False"
"1016","6zlyj8","https://www.reddit.com/r/SVExchange/comments/6zlyj8/1016/","sally-ds","eggcup toughribbon","sv6","False"
"1029","7m5kgw","https://www.reddit.com/r/SVExchange/comments/7m5kgw/1029/","Anna_hamlin","torchic","sv6","False"
"1059","719yw5","https://www.reddit.com/r/SVExchange/comments/719yw5/1059/","patchespatch04","eggcup toughribbon","sv6","False"
"1071","75yd3a","https://www.reddit.com/r/SVExchange/comments/75yd3a/1071/","safairy0","eggcup","sv6","False"
"1075","7768j7","https://www.reddit.com/r/SVExchange/comments/7768j7/1075/","Onizuak31","eggcup toughribbon","sv6","False"
"1081","6v4uuf","https://www.reddit.com/r/SVExchange/comments/6v4uuf/1081/","Link5261","eggcup","sv6","False"
"1083","6lsu8q","https://www.reddit.com/r/SVExchange/comments/6lsu8q/1083/","Pierre90","default","sv6","False"
"1130","70u5f8","https://www.reddit.com/r/SVExchange/comments/70u5f8/1130/","patchespatch04","eggcup toughribbon","sv6","False"
"1136","7ccax0","https://www.reddit.com/r/SVExchange/comments/7ccax0/1136/","MalikTH","eevee smartribbon","sv6","False"
"1138","6o8un9","https://www.reddit.com/r/SVExchange/comments/6o8un9/1138/","PhantomPaean","eevee coolribbon","sv6","False"
"1159","76c1cy","https://www.reddit.com/r/SVExchange/comments/76c1cy/1159/","andrewlay","torchic beautyribbon","sv6","False"
"1164","70fhq9","https://www.reddit.com/r/SVExchange/comments/70fhq9/1164/","Williamplacroix","","sv6","False"
"1170","6z6r6q","https://www.reddit.com/r/SVExchange/comments/6z6r6q/1170/","patchespatch04","eggcup toughribbon","sv6","False"
"1185","6uj9wj","https://www.reddit.com/r/SVExchange/comments/6uj9wj/1185/","Applegravy","egg","sv6","False"
"1195","6ts5uf","https://www.reddit.com/r/SVExchange/comments/6ts5uf/1195/","speadbrite","","sv6","False"
"1203","6s1932","https://www.reddit.com/r/SVExchange/comments/6s1932/1203/","RedditBlakDragon","eggcup","sv6","False"
"1211","6mjbko","https://www.reddit.com/r/SVExchange/comments/6mjbko/1211/","WenSnake","eggcup","sv6","False"
"1225","7dlfjy","https://www.reddit.com/r/SVExchange/comments/7dlfjy/1225/","womancat","","sv6","False"
"1232","74v829","https://www.reddit.com/r/SVExchange/comments/74v829/1232/","Kasumi_kimura","eevee cuteribbon","sv6","False"
"1234","75y74c","https://www.reddit.com/r/SVExchange/comments/75y74c/1234/","safairy0","eggcup","sv6","False"
"1246","76bjoc","https://www.reddit.com/r/SVExchange/comments/76bjoc/1246/","andrewlay","torchic beautyribbon","sv6","False"
"1249","76br1c","https://www.reddit.com/r/SVExchange/comments/76br1c/1249/","andrewlay","torchic beautyribbon","sv6","False"
"1268","6yxtoi","https://www.reddit.com/r/SVExchange/comments/6yxtoi/1268/","CopperTalon","manaphy","sv6","False"
"1292","6tje30","https://www.reddit.com/r/SVExchange/comments/6tje30/1292/","netphysics","lucky","sv6","False"
"1338","7m02hs","https://www.reddit.com/r/SVExchange/comments/7m02hs/1338/","lazytv8","pichu coolribbon","sv6","False"
"1344","76bn0z","https://www.reddit.com/r/SVExchange/comments/76bn0z/1344/","andrewlay","torchic beautyribbon","sv6","False"
"1349","7jxj9n","https://www.reddit.com/r/SVExchange/comments/7jxj9n/1349/","tempterall","torchic beautyribbon","sv6","False"
"1365","7g0zcf","https://www.reddit.com/r/SVExchange/comments/7g0zcf/1365/","Seionka","pichu beautyribbon","sv6","False"
"1366","78yg6w","https://www.reddit.com/r/SVExchange/comments/78yg6w/1366/","dbrown24","eevee","sv6","False"
"1379","6qmh0h","https://www.reddit.com/r/SVExchange/comments/6qmh0h/1379/","Haruiteul","default","sv6","False"
"1381","7mtr0t","https://www.reddit.com/r/SVExchange/comments/7mtr0t/1381/","TheReturningVoid","eevee","sv6","False"
"1385","7gbpcl","https://www.reddit.com/r/SVExchange/comments/7gbpcl/1385/","junior8686","default","sv6","False"
"1385","70d1oq","https://www.reddit.com/r/SVExchange/comments/70d1oq/1385/","jjdpwatson","","sv6","False"
"1396","73rbi1","https://www.reddit.com/r/SVExchange/comments/73rbi1/1396/","SpiritSplicer","eevee","sv6","False"
"1406","6lssm4","https://www.reddit.com/r/SVExchange/comments/6lssm4/1406/","Pierre90","default","sv6","False"
"1441","70genl","https://www.reddit.com/r/SVExchange/comments/70genl/1441/","satoshikecthum","","sv6","False"
"1443","6zwiyl","https://www.reddit.com/r/SVExchange/comments/6zwiyl/1443/","megavipersnake91","","sv6","False"
"1452","7ce8mh","https://www.reddit.com/r/SVExchange/comments/7ce8mh/1452/","StardualDragon","pichu cuteribbon","sv6","False"
"1455","6mumfa","https://www.reddit.com/r/SVExchange/comments/6mumfa/1455/","Teganrose1","manaphy","sv6","False"
"1462","6te58i","https://www.reddit.com/r/SVExchange/comments/6te58i/1462/","keskisormi","eggcup cuteribbon","sv6","False"
"1472","6s1a2t","https://www.reddit.com/r/SVExchange/comments/6s1a2t/1472/","DreamMercy","","sv6","False"
"1475","6vx1pd","https://www.reddit.com/r/SVExchange/comments/6vx1pd/1475/","Lugia61617","eevee coolribbon","sv6","False"
"1487","70frcp","https://www.reddit.com/r/SVExchange/comments/70frcp/1487/","liacooper","lucky","sv6","False"
"1492","72zcf3","https://www.reddit.com/r/SVExchange/comments/72zcf3/1492/","CresseliaSol","eggcup smartribbon","sv6","False"
"1502","746gnv","https://www.reddit.com/r/SVExchange/comments/746gnv/1502/","Anihsarog","eevee","sv6","False"
"1502","6nliy6","https://www.reddit.com/r/SVExchange/comments/6nliy6/1502/","Anihsarog","eevee","sv6","False"
"1513","6o23ij","https://www.reddit.com/r/SVExchange/comments/6o23ij/1513/","MonkeyD-Victor","torchic cuteribbon","sv6","False"
"1520","72zhcq","https://www.reddit.com/r/SVExchange/comments/72zhcq/1520/","CresseliaSol","eggcup smartribbon","sv6","False"
"1563","6xok9d","https://www.reddit.com/r/SVExchange/comments/6xok9d/1563/","jem529","eggcup toughribbon","sv6","False"
"1570","6o266l","https://www.reddit.com/r/SVExchange/comments/6o266l/1570/","MonkeyD-Victor","torchic cuteribbon","sv6","False"
"1570","6lpq6b","https://www.reddit.com/r/SVExchange/comments/6lpq6b/1570/","FFKitties","torchic","sv6","False"
"1585","72tfts","https://www.reddit.com/r/SVExchange/comments/72tfts/1585/","Audreybee","","sv6","False"
"1590","78l60e","https://www.reddit.com/r/SVExchange/comments/78l60e/1590/","asukawashere","egg","sv6","False"
"1599","7dsjcv","https://www.reddit.com/r/SVExchange/comments/7dsjcv/1599/","sally-ds","eggcup toughribbon","sv6","False"
"1605","6y0jb6","https://www.reddit.com/r/SVExchange/comments/6y0jb6/1605/","jem529","eggcup toughribbon","sv6","False"
"1670","6yt3uw","https://www.reddit.com/r/SVExchange/comments/6yt3uw/1670/","internetweasel","","sv6","False"
"1677","7j6l61","https://www.reddit.com/r/SVExchange/comments/7j6l61/1677/","Leo626","togepi","sv6","False"
"1689","6le4vo","https://www.reddit.com/r/SVExchange/comments/6le4vo/1689/","89edual","eevee","sv6","False"
"1707","767l5j","https://www.reddit.com/r/SVExchange/comments/767l5j/1707/","andrewlay","torchic beautyribbon","sv6","False"
"1710","6mowvl","https://www.reddit.com/r/SVExchange/comments/6mowvl/1710/","A-IOSTREAM","manaphy cuteribbon","sv6","False"
"1711","6wz3q1","https://www.reddit.com/r/SVExchange/comments/6wz3q1/1711/","Lugia61617","eevee coolribbon","sv6","False"
"1715","6zjfxj","https://www.reddit.com/r/SVExchange/comments/6zjfxj/1715/","KingLaksh","torchic cuteribbon","sv6","False"
"1722","6o7hyw","https://www.reddit.com/r/SVExchange/comments/6o7hyw/1722/","carterallan86","","sv6","False"
"1728","6uy8qu","https://www.reddit.com/r/SVExchange/comments/6uy8qu/1728/","skuggeland","torchic beautyribbon","sv6","False"
"1730","6xkpdb","https://www.reddit.com/r/SVExchange/comments/6xkpdb/1730/","jem529","eggcup toughribbon","sv6","False"
"1735","71yc2s","https://www.reddit.com/r/SVExchange/comments/71yc2s/1735/","Blackballroom","eggcup toughribbon","sv6","False"
"1738","6pe24y","https://www.reddit.com/r/SVExchange/comments/6pe24y/1738/","cubanpete26","eggcup","sv6","False"
"1740","7ckjid","https://www.reddit.com/r/SVExchange/comments/7ckjid/1740/","Xcpa9","egg","sv6","False"
"1754","79kgue","https://www.reddit.com/r/SVExchange/comments/79kgue/1754/","Crimsonskydeath","eggcup","sv6","False"
"1756","6npg1f","https://www.reddit.com/r/SVExchange/comments/6npg1f/1756/","GalaxyCrisis","eggcup","sv6","False"
"1770","76bos4","https://www.reddit.com/r/SVExchange/comments/76bos4/1770/","andrewlay","torchic beautyribbon","sv6","False"
"1779","78yg99","https://www.reddit.com/r/SVExchange/comments/78yg99/1779/","dbrown24","eevee","sv6","False"
"1792","6ml8nd","https://www.reddit.com/r/SVExchange/comments/6ml8nd/1792/","TTallang","eevee","sv6","False"
"1796","6sw50m","https://www.reddit.com/r/SVExchange/comments/6sw50m/1796/","BrayVoid","egg","sv6","False"
"1798","6uqpvy","https://www.reddit.com/r/SVExchange/comments/6uqpvy/1798/","RudeBoyEEEE","","sv6","False"
"1799","71hyn2","https://www.reddit.com/r/SVExchange/comments/71hyn2/1799/","patchespatch04","eggcup toughribbon","sv6","False"
"1807","7mb52p","https://www.reddit.com/r/SVExchange/comments/7mb52p/1807/","HalaMadrid97","torchic","sv6","False"
"1824","6msnu8","https://www.reddit.com/r/SVExchange/comments/6msnu8/1824/","Lugia61617","eevee coolribbon","sv6","False"
"1841","6ouseu","https://www.reddit.com/r/SVExchange/comments/6ouseu/1841/","Bouncer2085","eggcup smartribbon","sv6","False"
"1843","7naw2v","https://www.reddit.com/r/SVExchange/comments/7naw2v/1843/","jmcr01","","sv6","False"
"1886","7l5amo","https://www.reddit.com/r/SVExchange/comments/7l5amo/1886/","canvasrosier","eggcup toughribbon","sv6","False"
"1898","6zjg50","https://www.reddit.com/r/SVExchange/comments/6zjg50/1898/","KingLaksh","torchic cuteribbon","sv6","False"
"1899","7f9j18","https://www.reddit.com/r/SVExchange/comments/7f9j18/1899/","Seankle","eggcup smartribbon","sv6","False"
"1902","6ohbjt","https://www.reddit.com/r/SVExchange/comments/6ohbjt/1902/","Noep_RS","","sv6","False"
"1920","6xykh8","https://www.reddit.com/r/SVExchange/comments/6xykh8/1920/","patchespatch04","eggcup toughribbon","sv6","False"
"1930","7fwja6","https://www.reddit.com/r/SVExchange/comments/7fwja6/1930/","Overgames165","eggcup","sv6","False"
"1937","76hp95","https://www.reddit.com/r/SVExchange/comments/76hp95/1937/","patchespatch04","eggcup toughribbon","sv6","False"
"1940","70wd3n","https://www.reddit.com/r/SVExchange/comments/70wd3n/1940/","EternallyFallen","pichu cuteribbon","sv6","False"
"1943","6rkpe5","https://www.reddit.com/r/SVExchange/comments/6rkpe5/1943/","tempterall","torchic beautyribbon","sv6","False"
"1945","700hug","https://www.reddit.com/r/SVExchange/comments/700hug/1945/","Weegee55","torchic","sv6","False"
"1945","6tgsix","https://www.reddit.com/r/SVExchange/comments/6tgsix/1945/","helpin_jpn","","sv6","False"
"1954","75oy2t","https://www.reddit.com/r/SVExchange/comments/75oy2t/1954/","patchespatch04","eggcup toughribbon","sv6","False"
"1968","767cdy","https://www.reddit.com/r/SVExchange/comments/767cdy/1968/","andrewlay","torchic beautyribbon","sv6","False"
"1981","7g9tha","https://www.reddit.com/r/SVExchange/comments/7g9tha/1981/","Emberrose15","default","sv6","False"
"1983","6tjjh0","https://www.reddit.com/r/SVExchange/comments/6tjjh0/1983/","netphysics","lucky","sv6","False"
"1989","7f76ef","https://www.reddit.com/r/SVExchange/comments/7f76ef/1989/","Twodio","","sv6","False"
"1990","7drd5m","https://www.reddit.com/r/SVExchange/comments/7drd5m/1990/","poobana","togepi","sv6","False"
"1992","7kbnqn","https://www.reddit.com/r/SVExchange/comments/7kbnqn/1992/","krookodilehunter","torchic","sv6","False"
"1993","7f9j1s","https://www.reddit.com/r/SVExchange/comments/7f9j1s/1993/","Seankle","eggcup smartribbon","sv6","False"
"1997","6uhqpa","https://www.reddit.com/r/SVExchange/comments/6uhqpa/1997/","henrxv","manaphy cuteribbon","sv6","False"
"2006","6w5783","https://www.reddit.com/r/SVExchange/comments/6w5783/2006/","alienowitch","torchic","sv6","False"
"2007","7cakni","https://www.reddit.com/r/SVExchange/comments/7cakni/2007/","BlackBlade15","lucky","sv6","False"
"2014","7f9j2m","https://www.reddit.com/r/SVExchange/comments/7f9j2m/2014/","Seankle","eggcup smartribbon","sv6","False"
"2017","70wa5b","https://www.reddit.com/r/SVExchange/comments/70wa5b/2017/","EternallyFallen","pichu cuteribbon","sv6","False"
"2022","70p2r8","https://www.reddit.com/r/SVExchange/comments/70p2r8/2022/","MegaSceptileX","lucky","sv6","False"
"2057","7c5fk6","https://www.reddit.com/r/SVExchange/comments/7c5fk6/2057/","AdelaideAdelaide","pichu cuteribbon","sv6","False"
"2062","6m8ls0","https://www.reddit.com/r/SVExchange/comments/6m8ls0/2062/","oohoneydukesoo","eggcup beautyribbon","sv6","False"
"2065","79doid","https://www.reddit.com/r/SVExchange/comments/79doid/2065/","pokemytatas","","sv6","False"
"2067","73z3xm","https://www.reddit.com/r/SVExchange/comments/73z3xm/2067/","ScumbagEcnav","egg","sv6","False"
"2073","70wfyt","https://www.reddit.com/r/SVExchange/comments/70wfyt/2073/","SoapySylveon","lucky","sv6","False"
"2080","71a09q","https://www.reddit.com/r/SVExchange/comments/71a09q/2080/","patchespatch04","eggcup toughribbon","sv6","False"
"2087","79mk5q","https://www.reddit.com/r/SVExchange/comments/79mk5q/2087/","favocr","default","sv6","False"
"2090","6ndis5","https://www.reddit.com/r/SVExchange/comments/6ndis5/2090/","Guiboulou","togepi","sv6","False"
"2091","6sibhn","https://www.reddit.com/r/SVExchange/comments/6sibhn/2091/","Vortexius13","lucky","sv6","False"
"2109","7cj2dp","https://www.reddit.com/r/SVExchange/comments/7cj2dp/2109/","I_Probably_Think","eevee","sv6","False"
"2115","6zrqba","https://www.reddit.com/r/SVExchange/comments/6zrqba/2115/","VesselOfLucifier","","sv6","False"
"2118","6ujabu","https://www.reddit.com/r/SVExchange/comments/6ujabu/2118/","Applegravy","egg","sv6","False"
"2132","7h6zme","https://www.reddit.com/r/SVExchange/comments/7h6zme/2132/","shinyleaks","pichu","sv6","False"
"2145","6t7zb4","https://www.reddit.com/r/SVExchange/comments/6t7zb4/2145/","shangry-la","manaphy beautyribbon","sv6","False"
"2149","7dsj60","https://www.reddit.com/r/SVExchange/comments/7dsj60/2149/","sally-ds","eggcup toughribbon","sv6","False"
"2153","78a8tz","https://www.reddit.com/r/SVExchange/comments/78a8tz/2153/","MementoMors","","sv6","False"
"2153","73nfm2","https://www.reddit.com/r/SVExchange/comments/73nfm2/2153/","spacez52","torchic coolribbon","sv6","False"
"2156","79k8rj","https://www.reddit.com/r/SVExchange/comments/79k8rj/2156/","Crimsonskydeath","eggcup","sv6","False"
"2157","6oi11q","https://www.reddit.com/r/SVExchange/comments/6oi11q/2157/","Vemje","manaphy","sv6","False"
"2172","76bl2p","https://www.reddit.com/r/SVExchange/comments/76bl2p/2172/","andrewlay","torchic beautyribbon","sv6","False"
"2183","6pabsq","https://www.reddit.com/r/SVExchange/comments/6pabsq/2183/","voltrathelively","lucky","sv6","False"
"2195","7dsiyd","https://www.reddit.com/r/SVExchange/comments/7dsiyd/2195/","sally-ds","eggcup toughribbon","sv6","False"
"2211","6ze74t","https://www.reddit.com/r/SVExchange/comments/6ze74t/2211/","darkrobin006","","sv6","False"
"2221","6y2425","https://www.reddit.com/r/SVExchange/comments/6y2425/2221/","Vexed192","torchic","sv6","False"
"2226","6ue1sm","https://www.reddit.com/r/SVExchange/comments/6ue1sm/2226/","wrennekin","","sv6","False"
"2229","6zxm7m","https://www.reddit.com/r/SVExchange/comments/6zxm7m/2229/","theflamesof","eevee","sv6","False"
"2235","70wwcj","https://www.reddit.com/r/SVExchange/comments/70wwcj/2235/","EternallyFallen","pichu cuteribbon","sv6","False"
"2238","79kett","https://www.reddit.com/r/SVExchange/comments/79kett/2238/","Crimsonskydeath","eggcup","sv6","False"
"2250","70orem","https://www.reddit.com/r/SVExchange/comments/70orem/2250/","fernnifer","eggcup beautyribbon","sv6","False"
"2260","6redbf","https://www.reddit.com/r/SVExchange/comments/6redbf/2260/","Jamie-McL","eggcup toughribbon","sv6","False"
"2267","6pzb4k","https://www.reddit.com/r/SVExchange/comments/6pzb4k/2267/","bluesedl","","sv6","False"
"2287","7f9j39","https://www.reddit.com/r/SVExchange/comments/7f9j39/2287/","Seankle","eggcup smartribbon","sv6","False"
"2303","75oz4t","https://www.reddit.com/r/SVExchange/comments/75oz4t/2303/","patchespatch04","eggcup toughribbon","sv6","False"
"2334","6uerm2","https://www.reddit.com/r/SVExchange/comments/6uerm2/2334/","oodachi","","sv6","False"
"2365","76c7ff","https://www.reddit.com/r/SVExchange/comments/76c7ff/2365/","andrewlay","torchic beautyribbon","sv6","False"
"2400","6xkbtg","https://www.reddit.com/r/SVExchange/comments/6xkbtg/2400/","sally-ds","eggcup toughribbon","sv6","False"
"2407","74y18y","https://www.reddit.com/r/SVExchange/comments/74y18y/2407/","Slaying_Dragons","togepi cuteribbon","sv6","False"
"2432","72rc6k","https://www.reddit.com/r/SVExchange/comments/72rc6k/2432/","patchespatch04","eggcup toughribbon","sv6","False"
"2445","79kcxw","https://www.reddit.com/r/SVExchange/comments/79kcxw/2445/","Crimsonskydeath","eggcup","sv6","False"
"2480","76kdbv","https://www.reddit.com/r/SVExchange/comments/76kdbv/2480/","thecatteam","pichu","sv6","False"
"2482","70p50q","https://www.reddit.com/r/SVExchange/comments/70p50q/2482/","MegaSceptileX","lucky","sv6","False"
"2483","7j3cay","https://www.reddit.com/r/SVExchange/comments/7j3cay/2483/","coolswampert","pichu","sv6","False"
"2483","6pg9x5","https://www.reddit.com/r/SVExchange/comments/6pg9x5/2483/","coolswampert","pichu","sv6","False"
"2487","7fu2zx","https://www.reddit.com/r/SVExchange/comments/7fu2zx/2487/","UmiMizuAi","eggcup beautyribbon","sv6","False"
"2492","6ue1wv","https://www.reddit.com/r/SVExchange/comments/6ue1wv/2492/","wrennekin","","sv6","False"
"2495","73f5o3","https://www.reddit.com/r/SVExchange/comments/73f5o3/2495/","gunnygae","","sv6","False"
"2516","73h6ck","https://www.reddit.com/r/SVExchange/comments/73h6ck/2516/","VesselOfLucifier","","sv6","False"
"2517","6yzly4","https://www.reddit.com/r/SVExchange/comments/6yzly4/2517/","doritoburrrito","mareep-shiny","sv6","False"
"2522","7g9wad","https://www.reddit.com/r/SVExchange/comments/7g9wad/2522/","Emberrose15","default","sv6","False"
"2530","7h71nk","https://www.reddit.com/r/SVExchange/comments/7h71nk/2530/","shinyleaks","pichu","sv6","False"
"2535","6rkp4p","https://www.reddit.com/r/SVExchange/comments/6rkp4p/2535/","tempterall","torchic beautyribbon","sv6","False"
"2553","6ujaoa","https://www.reddit.com/r/SVExchange/comments/6ujaoa/2553/","Applegravy","egg","sv6","False"
"2562","79dmtf","https://www.reddit.com/r/SVExchange/comments/79dmtf/2562/","pokemytatas","","sv6","False"
"2578","7gz89w","https://www.reddit.com/r/SVExchange/comments/7gz89w/2578/","KippyRanger","torchic","sv6","False"
"2584","6rfb3w","https://www.reddit.com/r/SVExchange/comments/6rfb3w/2584/","Ralmer","egg","sv6","False"
"2604","70fj97","https://www.reddit.com/r/SVExchange/comments/70fj97/2604/","Williamplacroix","","sv6","False"
"2618","76olgm","https://www.reddit.com/r/SVExchange/comments/76olgm/2618/","thecatteam","pichu","sv6","False"
"2628","6x2d1x","https://www.reddit.com/r/SVExchange/comments/6x2d1x/2628/","brandon21486","","sv6","False"
"2635","76rler","https://www.reddit.com/r/SVExchange/comments/76rler/2635/","Matrix91dr","egg","sv6","False"
"2651","6sazks","https://www.reddit.com/r/SVExchange/comments/6sazks/2651/","crunchydango","togepi","sv6","False"
"2667","6xih4g","https://www.reddit.com/r/SVExchange/comments/6xih4g/2667/","Cute1234562002","togepi beautyribbon","sv6","False"
"2670","6nf5v6","https://www.reddit.com/r/SVExchange/comments/6nf5v6/2670/","yujinori","togepi","sv6","False"
"2683","73nw7s","https://www.reddit.com/r/SVExchange/comments/73nw7s/2683/","Bouncer2085","eggcup smartribbon","sv6","False"
"2689","7ho2qc","https://www.reddit.com/r/SVExchange/comments/7ho2qc/2689/","ThePokeBro","manaphy","sv6","False"
"2690","7m01nl","https://www.reddit.com/r/SVExchange/comments/7m01nl/2690/","lazytv8","pichu coolribbon","sv6","False"
"2698","6zwy5u","https://www.reddit.com/r/SVExchange/comments/6zwy5u/2698/","Anki96","pichu","sv6","False"
"2700","6pose7","https://www.reddit.com/r/SVExchange/comments/6pose7/2700/","Firevulpix1","pichu coolribbon","sv6","False"
"2707","7i7g4k","https://www.reddit.com/r/SVExchange/comments/7i7g4k/2707/","ThePokeBro","manaphy","sv6","False"
"2714","6zscz6","https://www.reddit.com/r/SVExchange/comments/6zscz6/2714/","FMsavior","","sv6","False"
"2717","71a0j3","https://www.reddit.com/r/SVExchange/comments/71a0j3/2717/","patchespatch04","eggcup toughribbon","sv6","False"
"2718","6rhjmb","https://www.reddit.com/r/SVExchange/comments/6rhjmb/2718/","pokeflan","eevee","sv6","False"
"2752","6yb9y5","https://www.reddit.com/r/SVExchange/comments/6yb9y5/2752/","snuffles24","lucky","sv6","False"
"2756","70wfr7","https://www.reddit.com/r/SVExchange/comments/70wfr7/2756/","EternallyFallen","pichu cuteribbon","sv6","False"
"2761","7j27ly","https://www.reddit.com/r/SVExchange/comments/7j27ly/2761/","leisrbags","pichu coolribbon","sv6","False"
"2795","71a0t4","https://www.reddit.com/r/SVExchange/comments/71a0t4/2795/","patchespatch04","eggcup toughribbon","sv6","False"
"2801","6nznor","https://www.reddit.com/r/SVExchange/comments/6nznor/2801/","StardualDragon","pichu cuteribbon","sv6","False"
"2806","6ocb1s","https://www.reddit.com/r/SVExchange/comments/6ocb1s/2806/","Moarliek","togepi","sv6","False"
"2810","79kiu3","https://www.reddit.com/r/SVExchange/comments/79kiu3/2810/","Crimsonskydeath","eggcup","sv6","False"
"2812","6ncp25","https://www.reddit.com/r/SVExchange/comments/6ncp25/2812/","Guiboulou","togepi","sv6","False"
"2815","6t0siq","https://www.reddit.com/r/SVExchange/comments/6t0siq/2815/","Lundrity","default","sv6","False"
"2821","6tz77m","https://www.reddit.com/r/SVExchange/comments/6tz77m/2821/","GarchEnemy","","sv6","False"
"2829","73ng34","https://www.reddit.com/r/SVExchange/comments/73ng34/2829/","spacez52","torchic coolribbon","sv6","False"
"2830","6v4xko","https://www.reddit.com/r/SVExchange/comments/6v4xko/2830/","Link5261","eggcup","sv6","False"
"2836","71wn3r","https://www.reddit.com/r/SVExchange/comments/71wn3r/2836/","LadyNarnia","","sv6","False"
"2851","7cag83","https://www.reddit.com/r/SVExchange/comments/7cag83/2851/","BlackBlade15","lucky","sv6","False"
"2853","7576rh","https://www.reddit.com/r/SVExchange/comments/7576rh/2853/","patchespatch04","eggcup toughribbon","sv6","False"
"2868","6r54fn","https://www.reddit.com/r/SVExchange/comments/6r54fn/2868/","V-Cliff","","sv6","False"
"2872","70w6p3","https://www.reddit.com/r/SVExchange/comments/70w6p3/2872/","EternallyFallen","pichu cuteribbon","sv6","False"
"2879","7anor6","https://www.reddit.com/r/SVExchange/comments/7anor6/2879/","endemicpandemic","togepi","sv6","False"
"2903","7gg094","https://www.reddit.com/r/SVExchange/comments/7gg094/2903/","PokemonTrainer1995","","sv6","False"
"2913","7766m1","https://www.reddit.com/r/SVExchange/comments/7766m1/2913/","Onizuak31","eggcup toughribbon","sv6","False"
"2918","719h5a","https://www.reddit.com/r/SVExchange/comments/719h5a/2918/","DDR_17","eggcup","sv6","False"
"2922","7576vs","https://www.reddit.com/r/SVExchange/comments/7576vs/2922/","patchespatch04","eggcup toughribbon","sv6","False"
"2960","7j0c20","https://www.reddit.com/r/SVExchange/comments/7j0c20/2960/","andyjim","pichu coolribbon","sv6","False"
"2974","6zx0ks","https://www.reddit.com/r/SVExchange/comments/6zx0ks/2974/","Anki96","pichu","sv6","False"
"2976","6xyjsn","https://www.reddit.com/r/SVExchange/comments/6xyjsn/2976/","patchespatch04","eggcup toughribbon","sv6","False"
"2983","7hawm5","https://www.reddit.com/r/SVExchange/comments/7hawm5/2983/","sanyah","torchic","sv6","False"
"2993","6n9he6","https://www.reddit.com/r/SVExchange/comments/6n9he6/2993/","Haunani14","togepi","sv6","False"
"3002","6mjqw4","https://www.reddit.com/r/SVExchange/comments/6mjqw4/3002/","WenSnake","eggcup","sv6","False"
"3010","6ro6rs","https://www.reddit.com/r/SVExchange/comments/6ro6rs/3010/","Clubman_and_Bludgeon","eggcup","sv6","False"
"3011","72ti28","https://www.reddit.com/r/SVExchange/comments/72ti28/3011/","Queen__Z","lucky","sv6","False"
"3013","78ggeq","https://www.reddit.com/r/SVExchange/comments/78ggeq/3013/","Xynebi","","sv6","False"
"3021","7lzwia","https://www.reddit.com/r/SVExchange/comments/7lzwia/3021/","lazytv8","pichu coolribbon","sv6","False"
"3021","6p9xe3","https://www.reddit.com/r/SVExchange/comments/6p9xe3/3021/","voltrathelively","lucky","sv6","False"
"3027","6x3n5m","https://www.reddit.com/r/SVExchange/comments/6x3n5m/3027/","Jyrahscope","lucky","sv6","False"
"3040","79t8nz","https://www.reddit.com/r/SVExchange/comments/79t8nz/3040/","Drakon97","egg","sv6","False"
"3040","72tz31","https://www.reddit.com/r/SVExchange/comments/72tz31/3040/","Audreybee","","sv6","False"
"3061","76s3nw","https://www.reddit.com/r/SVExchange/comments/76s3nw/3061/","Bukkithead","manaphy","sv6","False"
"3070","7gw4ot","https://www.reddit.com/r/SVExchange/comments/7gw4ot/3070/","RevusHarkings","eevee","sv6","False"
"3083","7k19be","https://www.reddit.com/r/SVExchange/comments/7k19be/3083/","DDR_17","eggcup","sv6","False"
"3105","6o6qiw","https://www.reddit.com/r/SVExchange/comments/6o6qiw/3105/","goyange","lucky","sv6","False"
"3112","6vq1rv","https://www.reddit.com/r/SVExchange/comments/6vq1rv/3112/","sally-ds","eggcup toughribbon","sv6","False"
"3135","70p0gp","https://www.reddit.com/r/SVExchange/comments/70p0gp/3135/","MegaSceptileX","lucky","sv6","False"
"3148","6zbl84","https://www.reddit.com/r/SVExchange/comments/6zbl84/3148/","Dragon_sissiy","eggcup","sv6","False"
"3156","7lr80r","https://www.reddit.com/r/SVExchange/comments/7lr80r/3156/","Grin4U","","sv6","False"
"3157","6uhs6o","https://www.reddit.com/r/SVExchange/comments/6uhs6o/3157/","henrxv","manaphy cuteribbon","sv6","False"
"3164","6m28b5","https://www.reddit.com/r/SVExchange/comments/6m28b5/3164/","bussytwink","torchic","sv6","False"
"3182","74d9m3","https://www.reddit.com/r/SVExchange/comments/74d9m3/3182/","Knightinkodes","","sv6","False"
"3182","70dvoz","https://www.reddit.com/r/SVExchange/comments/70dvoz/3182/","tomato-head","pichu cuteribbon","sv6","False"
"3191","7m5m3q","https://www.reddit.com/r/SVExchange/comments/7m5m3q/3191/","Anna_hamlin","torchic","sv6","False"
"3198","6nyf6q","https://www.reddit.com/r/SVExchange/comments/6nyf6q/3198/","YukinoHaruhi","lucky","sv6","False"
"3200","73uhpo","https://www.reddit.com/r/SVExchange/comments/73uhpo/3200/","southofnowhere","lucky","sv6","False"
"3202","70d3rs","https://www.reddit.com/r/SVExchange/comments/70d3rs/3202/","jjdpwatson","","sv6","False"
"3203","7lsxry","https://www.reddit.com/r/SVExchange/comments/7lsxry/3203/","Paramuse2","","sv6","False"
"3210","74kvqr","https://www.reddit.com/r/SVExchange/comments/74kvqr/3210/","zetraex","eggcup","sv6","False"
"3221","735wuw","https://www.reddit.com/r/SVExchange/comments/735wuw/3221/","IAMADeinonychusAMA","venusaur-shiny-santa","sv6","False"
"3251","76azfq","https://www.reddit.com/r/SVExchange/comments/76azfq/3251/","robdy","jangmo-o-shiny","sv6","False"
"3256","6mdtzz","https://www.reddit.com/r/SVExchange/comments/6mdtzz/3256/","FluttershyOwl","eevee","sv6","False"
"3262","6sbcbh","https://www.reddit.com/r/SVExchange/comments/6sbcbh/3262/","crunchydango","togepi","sv6","False"
"3267","711xod","https://www.reddit.com/r/SVExchange/comments/711xod/3267/","patchespatch04","eggcup toughribbon","sv6","False"
"3287","7811ws","https://www.reddit.com/r/SVExchange/comments/7811ws/3287/","The_polar_bears","egg","sv6","False"
"3296","70oxxp","https://www.reddit.com/r/SVExchange/comments/70oxxp/3296/","MegaSceptileX","lucky","sv6","False"
"3301","6mou9a","https://www.reddit.com/r/SVExchange/comments/6mou9a/3301/","A-IOSTREAM","manaphy cuteribbon","sv6","False"
"3303","6mdqx3","https://www.reddit.com/r/SVExchange/comments/6mdqx3/3303/","FluttershyOwl","eevee","sv6","False"
"3309","6vscz0","https://www.reddit.com/r/SVExchange/comments/6vscz0/3309/","Meloettamaestro","eggcup","sv6","False"
"3327","75j6rb","https://www.reddit.com/r/SVExchange/comments/75j6rb/3327/","BlackoutSLM","","sv6","False"
"3332","71yrzy","https://www.reddit.com/r/SVExchange/comments/71yrzy/3332/","Carl0s1","eevee cuteribbon","sv6","False"
"3342","7dbsre","https://www.reddit.com/r/SVExchange/comments/7dbsre/3342/","SeaLionMermaid","lucky","sv6","False"
"3350","6w55fx","https://www.reddit.com/r/SVExchange/comments/6w55fx/3350/","alienowitch","torchic","sv6","False"
"3355","7hmem4","https://www.reddit.com/r/SVExchange/comments/7hmem4/3355/","Bouncer2085","eggcup smartribbon","sv6","False"
"3363","78vmv1","https://www.reddit.com/r/SVExchange/comments/78vmv1/3363/","GammaWamma","egg","sv6","False"
"3368","75hqq0","https://www.reddit.com/r/SVExchange/comments/75hqq0/3368/","Xcpa9","egg","sv6","False"
"3382","6op0wx","https://www.reddit.com/r/SVExchange/comments/6op0wx/3382/","smitty2512","torchic","sv6","False"
"3384","79kau8","https://www.reddit.com/r/SVExchange/comments/79kau8/3384/","Crimsonskydeath","eggcup","sv6","False"
"3385","6sb51i","https://www.reddit.com/r/SVExchange/comments/6sb51i/3385/","crunchydango","togepi","sv6","False"
"3401","7b4vcf","https://www.reddit.com/r/SVExchange/comments/7b4vcf/3401/","evilbynite","manaphy","sv6","False"
"3414","6qmfk5","https://www.reddit.com/r/SVExchange/comments/6qmfk5/3414/","Haruiteul","default","sv6","False"
"3432","735wtw","https://www.reddit.com/r/SVExchange/comments/735wtw/3432/","IAMADeinonychusAMA","venusaur-shiny-santa","sv6","False"
"3432","6nyh0y","https://www.reddit.com/r/SVExchange/comments/6nyh0y/3432/","YukinoHaruhi","lucky","sv6","False"
"3448","6q2js7","https://www.reddit.com/r/SVExchange/comments/6q2js7/3448/","Weegee55","torchic","sv6","False"
"3456","77zm8n","https://www.reddit.com/r/SVExchange/comments/77zm8n/3456/","littlefabi","torchic","sv6","False"
"3468","6rt2uh","https://www.reddit.com/r/SVExchange/comments/6rt2uh/3468/","SliceOfIce","","sv6","False"
"3480","6ty6l4","https://www.reddit.com/r/SVExchange/comments/6ty6l4/3480/","WaitingForTheDog","","sv6","False"
"3486","6v4s08","https://www.reddit.com/r/SVExchange/comments/6v4s08/3486/","Link5261","eggcup","sv6","False"
"3489","76t5if","https://www.reddit.com/r/SVExchange/comments/76t5if/3489/","RikiiMarinedragon","togepi","sv6","False"
"3498","790jti","https://www.reddit.com/r/SVExchange/comments/790jti/3498/","asukawashere","egg","sv6","False"
"3517","6xsc8b","https://www.reddit.com/r/SVExchange/comments/6xsc8b/3517/","sanyah","torchic","sv6","False"
"3521","7376iy","https://www.reddit.com/r/SVExchange/comments/7376iy/3521/","jem529","eggcup toughribbon","sv6","False"
"3538","77vhyy","https://www.reddit.com/r/SVExchange/comments/77vhyy/3538/","Rumi_sufi","","sv6","False"
"3547","6m8m1a","https://www.reddit.com/r/SVExchange/comments/6m8m1a/3547/","oohoneydukesoo","eggcup beautyribbon","sv6","False"
"3548","79mo9p","https://www.reddit.com/r/SVExchange/comments/79mo9p/3548/","favocr","default","sv6","False"
"3556","73f7kp","https://www.reddit.com/r/SVExchange/comments/73f7kp/3556/","gunnygae","","sv6","False"
"3558","75upre","https://www.reddit.com/r/SVExchange/comments/75upre/3558/","overworld99","default","sv6","False"
"3559","6xolet","https://www.reddit.com/r/SVExchange/comments/6xolet/3559/","Jpickles4life","","sv6","False"
"3563","7fwgje","https://www.reddit.com/r/SVExchange/comments/7fwgje/3563/","Overgames165","eggcup","sv6","False"
"3564","6zlz9a","https://www.reddit.com/r/SVExchange/comments/6zlz9a/3564/","sally-ds","eggcup toughribbon","sv6","False"
"3565","6uhrpy","https://www.reddit.com/r/SVExchange/comments/6uhrpy/3565/","henrxv","manaphy cuteribbon","sv6","False"
"3567","6m0lav","https://www.reddit.com/r/SVExchange/comments/6m0lav/3567/","extrafree","torchic cuteribbon","sv6","False"
"3595","735wmn","https://www.reddit.com/r/SVExchange/comments/735wmn/3595/","IAMADeinonychusAMA","venusaur-shiny-santa","sv6","False"
"3634","6x556f","https://www.reddit.com/r/SVExchange/comments/6x556f/3634/","KaIepa","togepi","sv6","False"
"3642","6npjpq","https://www.reddit.com/r/SVExchange/comments/6npjpq/3642/","GalaxyCrisis","eggcup","sv6","False"
"3643","6n81v8","https://www.reddit.com/r/SVExchange/comments/6n81v8/3643/","lumbolt","torchic toughribbon","sv6","False"
"3647","6zt0md","https://www.reddit.com/r/SVExchange/comments/6zt0md/3647/","internetweasel","","sv6","False"
"3654","6zbo82","https://www.reddit.com/r/SVExchange/comments/6zbo82/3654/","Dragon_sissiy","eggcup","sv6","False"
"3656","6xyjyp","https://www.reddit.com/r/SVExchange/comments/6xyjyp/3656/","patchespatch04","eggcup toughribbon","sv6","False"
"3673","6uqs9a","https://www.reddit.com/r/SVExchange/comments/6uqs9a/3673/","RudeBoyEEEE","","sv6","False"
"3676","73ra43","https://www.reddit.com/r/SVExchange/comments/73ra43/3676/","SpiritSplicer","eevee","sv6","False"
"3691","6s12r1","https://www.reddit.com/r/SVExchange/comments/6s12r1/3691/","DreamMercy","","sv6","False"
"3692","6xykec","https://www.reddit.com/r/SVExchange/comments/6xykec/3692/","patchespatch04","eggcup toughribbon","sv6","False"
"3706","6o8ur6","https://www.reddit.com/r/SVExchange/comments/6o8ur6/3706/","PhantomPaean","eevee coolribbon","sv6","False"
"3708","6r53j7","https://www.reddit.com/r/SVExchange/comments/6r53j7/3708/","CATSsomanycats","manaphy cuteribbon","sv6","False"
"3711","6pl08y","https://www.reddit.com/r/SVExchange/comments/6pl08y/3711/","sabishyryu","pichu","sv6","False"
"3730","6ml5z4","https://www.reddit.com/r/SVExchange/comments/6ml5z4/3730/","TTallang","eevee","sv6","False"
"3750","6r5goq","https://www.reddit.com/r/SVExchange/comments/6r5goq/3750/","Azure4405","eevee cuteribbon","sv6","False"
"3753","6rgvtp","https://www.reddit.com/r/SVExchange/comments/6rgvtp/3753/","pokeflan","eevee","sv6","False"
"3758","6qisps","https://www.reddit.com/r/SVExchange/comments/6qisps/3758/","grumpy-fox","egg","sv6","False"
"3779","6tdyj9","https://www.reddit.com/r/SVExchange/comments/6tdyj9/3779/","keskisormi","eggcup cuteribbon","sv6","False"
"3812","6oyttn","https://www.reddit.com/r/SVExchange/comments/6oyttn/3812/","Sheldrob","shieldon","sv6","False"
"3815","7ann9w","https://www.reddit.com/r/SVExchange/comments/7ann9w/3815/","lifeglasses","","sv6","False"
"3821","6v4d3h","https://www.reddit.com/r/SVExchange/comments/6v4d3h/3821/","Blackballroom","eggcup toughribbon","sv6","False"
"3824","6siu1z","https://www.reddit.com/r/SVExchange/comments/6siu1z/3824/","speadbrite","","sv6","False"
"3825","74tl2i","https://www.reddit.com/r/SVExchange/comments/74tl2i/3825/","chrismofowong","eevee","sv6","False"
"3833","6zly7a","https://www.reddit.com/r/SVExchange/comments/6zly7a/3833/","sally-ds","eggcup toughribbon","sv6","False"
"3859","6xyl01","https://www.reddit.com/r/SVExchange/comments/6xyl01/3859/","patchespatch04","eggcup toughribbon","sv6","False"
"3869","71yros","https://www.reddit.com/r/SVExchange/comments/71yros/3869/","Carl0s1","eevee cuteribbon","sv6","False"
"3901","7dsirt","https://www.reddit.com/r/SVExchange/comments/7dsirt/3901/","sally-ds","eggcup toughribbon","sv6","False"
"3903","79jrby","https://www.reddit.com/r/SVExchange/comments/79jrby/3903/","MaximumOptimizer","","sv6","False"
"3927","70lqo3","https://www.reddit.com/r/SVExchange/comments/70lqo3/3927/","chidokid","manaphy","sv6","False"
"3930","73ejfr","https://www.reddit.com/r/SVExchange/comments/73ejfr/3930/","Silarcta","eevee","sv6","False"
"3948","6sz1bq","https://www.reddit.com/r/SVExchange/comments/6sz1bq/3948/","speadbrite","","sv6","False"
"3978","6sswu8","https://www.reddit.com/r/SVExchange/comments/6sswu8/3978/","tworjey","","sv6","False"
"3980","71a180","https://www.reddit.com/r/SVExchange/comments/71a180/3980/","patchespatch04","eggcup toughribbon","sv6","False"
"3986","6vs4wg","https://www.reddit.com/r/SVExchange/comments/6vs4wg/3986/","zetraex","eggcup","sv6","False"
"3989","72zfqv","https://www.reddit.com/r/SVExchange/comments/72zfqv/3989/","CresseliaSol","eggcup smartribbon","sv6","False"
"3992","71a1s0","https://www.reddit.com/r/SVExchange/comments/71a1s0/3992/","patchespatch04","eggcup toughribbon","sv6","False"
"4003","759kki","https://www.reddit.com/r/SVExchange/comments/759kki/4003/","Cypristj","torchic","sv6","False"
"4008","77znkf","https://www.reddit.com/r/SVExchange/comments/77znkf/4008/","littlefabi","torchic","sv6","False"
"4009","72ze6c","https://www.reddit.com/r/SVExchange/comments/72ze6c/4009/","CresseliaSol","eggcup smartribbon","sv6","False"
"4014","6vs9ih","https://www.reddit.com/r/SVExchange/comments/6vs9ih/4014/","zetraex","eggcup","sv6","False"
"4031","78gheo","https://www.reddit.com/r/SVExchange/comments/78gheo/4031/","Super_Fua","egg","sv6","False"
"4036","6u5eow","https://www.reddit.com/r/SVExchange/comments/6u5eow/4036/","is_it_dying","","sv6","False"
"4038","79jp4d","https://www.reddit.com/r/SVExchange/comments/79jp4d/4038/","MaximumOptimizer","","sv6","False"
"4042","6o6mhl","https://www.reddit.com/r/SVExchange/comments/6o6mhl/4042/","goyange","lucky","sv6","False"
"4046","70wpbm","https://www.reddit.com/r/SVExchange/comments/70wpbm/4046/","SoapySylveon","lucky","sv6","False"
"4048","73e9kc","https://www.reddit.com/r/SVExchange/comments/73e9kc/4048/","Kasuomi","","sv6","False"
"4061","7f9j3w","https://www.reddit.com/r/SVExchange/comments/7f9j3w/4061/","Seankle","eggcup smartribbon","sv6","False"
"4065","76ru0x","https://www.reddit.com/r/SVExchange/comments/76ru0x/4065/","Matrix91dr","egg","sv6","False"
"4070","6rgj4q","https://www.reddit.com/r/SVExchange/comments/6rgj4q/4070/","pokeflan","eevee","sv6","False"
